<?xml version="1.0" encoding="utf-8"?>
<extension version="1.7" type="template">
	<name>MobixTemplate2</name>
	<creationDate>2011-08-03</creationDate>
	<author>Zohaib Zahid</author>
	<authorEmail>zohaib.mir@gmail.com</authorEmail>
	<authorUrl>http://www.mobixp.com</authorUrl>
	<copyright>MobiXip 2011</copyright>
	<license>GNU/GPL</license>
	<version>1.7.0</version>
	<description>MobiXIP</description>
	<files>
		<filename>index.php</filename>
		<filename>templateDetails.xml</filename>
		<filename>template_thumbnail.ext</filename>
		<folder>images</folder>
		<folder>css</folder>
	</files>
	<positions>
		<position>breadcrumb</position>
		<position>left</position>
		<position>right</position>
		<position>top</position>
		<position>user1</position>
		<position>user2</position>
		<position>user3</position>
		<position>user4</position>
		<position>footer</position>
		<position>headerslide</position>
		<position>footermenu1</position>
		<position>footermenu2</position>
		<position>footermenu3</position>
		<position>copyright</position>
		<position>articleheader</position>
	</positions>
</extension>